DROP TABLE IF EXISTS not_partitioned;
CREATE TABLE not_partitioned(x UInt8) ENGINE MergeTree ORDER BY x;
INSERT INTO not_partitioned VALUES (1), (2), (3);
INSERT INTO not_partitioned VALUES (4), (5);
OPTIMIZE TABLE not_partitioned PARTITION tuple() FINAL;
ALTER TABLE not_partitioned DETACH PARTITION ID 'all';
DROP TABLE not_partitioned;
DROP TABLE IF EXISTS partitioned_by_week;
CREATE TABLE partitioned_by_week(d Date, x UInt8) ENGINE = MergeTree PARTITION BY toMonday(d) ORDER BY x;
INSERT INTO partitioned_by_week VALUES ('2000-01-01', 1), ('2000-01-02', 2), ('2000-01-03', 3);
INSERT INTO partitioned_by_week VALUES ('2000-01-03', 4), ('2000-01-03', 5);
OPTIMIZE TABLE partitioned_by_week PARTITION '2000-01-03' FINAL;
ALTER TABLE partitioned_by_week DROP PARTITION '1999-12-27';
DROP TABLE partitioned_by_week;
DROP TABLE IF EXISTS partitioned_by_tuple;
CREATE TABLE partitioned_by_tuple(d Date, x UInt8, y UInt8) ENGINE MergeTree ORDER BY x PARTITION BY (d, x);
INSERT INTO partitioned_by_tuple VALUES ('2000-01-01', 1, 1), ('2000-01-01', 2, 2), ('2000-01-02', 1, 3);
INSERT INTO partitioned_by_tuple VALUES ('2000-01-02', 1, 4), ('2000-01-01', 1, 5);
OPTIMIZE TABLE partitioned_by_tuple PARTITION ('2000-01-01', 1) FINAL;
OPTIMIZE TABLE partitioned_by_tuple PARTITION ('2000-01-02', 1) FINAL;
ALTER TABLE partitioned_by_tuple DETACH PARTITION ID '20000101-1';
DROP TABLE partitioned_by_tuple;
DROP TABLE IF EXISTS partitioned_by_string;
CREATE TABLE partitioned_by_string(s String, x UInt8) ENGINE = MergeTree PARTITION BY s ORDER BY x;
INSERT INTO partitioned_by_string VALUES ('aaa', 1), ('aaa', 2), ('bbb', 3);
INSERT INTO partitioned_by_string VALUES ('bbb', 4), ('aaa', 5);
OPTIMIZE TABLE partitioned_by_string PARTITION 'aaa' FINAL;
ALTER TABLE partitioned_by_string DROP PARTITION 'bbb';
DROP TABLE partitioned_by_string;
DROP TABLE IF EXISTS without_fixed_size_columns;
CREATE TABLE without_fixed_size_columns(s String) ENGINE MergeTree PARTITION BY length(s) ORDER BY s;
INSERT INTO without_fixed_size_columns VALUES ('a'), ('aa'), ('b'), ('cc');
ALTER TABLE without_fixed_size_columns DROP PARTITION 1;
